<application>
  <component name="GeneralSettings">
    <option name="confirmOpenNewProject2" value="0" />
    <option name="defaultProjectDirectory" value="C:\code\Togeek" />
    <option name="processCloseConfirmation" value="TERMINATE" />
    <option name="reopenLastProject" value="false" />
    <option name="autoSaveFiles" value="false" />
    <option name="showTipsOnStartup" value="false" />
    <option name="autoSyncFiles" value="false" />
    <option name="useSafeWrite" value="false" />
  </component>
</application>